{"cameraMode":{"drawMode":0,"name":"Shaded","section":"Shading Mode"},"sceneLighting":true,"audioPlay":false,"sceneViewState":{"showFog":true,"showMaterialUpdate":false,"showSkybox":true,"showFlares":true,"showImageEffects":true,"showParticleSystems":true},"in2DMode":false,"pivot":{"x":-2.054507255554199,"y":-0.2192058563232422,"z":-2.467071533203125},"rotation":{"x":0.2855951189994812,"y":-0.13882063329219819,"z":0.04185069352388382,"w":0.9473235011100769},"size":25.49907875061035,"orthographic":false}